{"cameraMode":{"drawMode":0,"name":"Shaded","section":"Shading Mode"},"sceneLighting":false,"audioPlay":false,"sceneViewState":{"m_AlwaysRefresh":false,"showFog":true,"showSkybox":true,"showFlares":true,"showImageEffects":true,"showParticleSystems":true,"showVisualEffectGraphs":true,"m_FxEnabled":false},"in2DMode":false,"pivot":{"x":48.50779724121094,"y":36.86053466796875,"z":68.48110961914063},"rotation":{"x":0.2621508836746216,"y":0.03183908015489578,"z":-0.008653983473777771,"w":0.9644644856452942},"size":238.72962951660157,"orthographic":true}